path,image,label,prediction
test/t0/2013-07-24 22-30-18 M 01_01.JPG,Height: 1536 Width: 2048,0,0
test/t0/2013-07-24 22-30-57 M 01_01.JPG,Height: 1536 Width: 2048,0,0
test/t0/2013-07-24 22-30-59 M 01_01.JPG,Height: 1536 Width: 2048,0,0
test/t0/2013-07-24 22-31-02 M 01_01.JPG,Height: 1536 Width: 2048,0,0
test/t0/2013-07-24 22-31-05 M 01_01.JPG,Height: 1536 Width: 2048,0,0
test/t0/2013-07-24 22-31-07 M 01_01.JPG,Height: 1536 Width: 2048,0,0
test/t0/2013-07-24 22-31-38 M 01_01.JPG,Height: 1536 Width: 2048,0,0
test/t0/2013-07-24 22-31-44 M 01_01.JPG,Height: 1536 Width: 2048,0,0
test/t0/2013-07-24 22-31-47 M 01_01.JPG,Height: 1536 Width: 2048,0,0
test/t0/2013-07-24 22-31-53 M 01_01.JPG,Height: 1536 Width: 2048,0,0
test/t0/2013-07-24 22-31-55 M 01_01.JPG,Height: 1536 Width: 2048,0,0
test/t0/2013-07-24 22-31-59 M 01_01.JPG,Height: 1536 Width: 2048,0,0
test/t0/2013-07-24 22-32-16 M 01_01.JPG,Height: 1536 Width: 2048,0,0
test/t0/2013-07-24 22-32-34 M 01_01.JPG,Height: 1536 Width: 2048,0,0
test/t0/2013-07-24 22-32-54 M 01_01.JPG,Height: 1536 Width: 2048,0,0
test/t0/2013-07-24 22-32-59 M 01_01.JPG,Height: 1536 Width: 2048,0,0
test/t0/2013-07-24 22-33-37 M 01_01.JPG,Height: 1536 Width: 2048,0,0
test/t0/2013-07-24 22-35-49 M 01_01.JPG,Height: 1536 Width: 2048,0,0
test/t0/2013-07-24 22-35-51 M 01_01.JPG,Height: 1536 Width: 2048,0,0
test/t0/2013-07-24 22-35-55 M 01_01.JPG,Height: 1536 Width: 2048,0,0
test/t0/2013-07-24 22-36-54 M 01_01.JPG,Height: 1536 Width: 2048,0,0
test/t0/2013-07-24 22-36-57 M 01_01.JPG,Height: 1536 Width: 2048,0,0
test/t0/2013-07-24 22-37-52 M 01_01.JPG,Height: 1536 Width: 2048,0,1
test/t0/2013-07-24 22-38-02 M 01_01.JPG,Height: 1536 Width: 2048,0,0
test/t0/2013-07-24 22-38-05 M 01_01.JPG,Height: 1536 Width: 2048,0,0
test/t0/2013-07-24 22-38-09 M 01_01.JPG,Height: 1536 Width: 2048,0,0
test/t0/2013-07-24 22-38-49 M 01_01.JPG,Height: 1536 Width: 2048,0,0
test/t0/2013-07-24 22-38-56 M 01_01.JPG,Height: 1536 Width: 2048,0,0
test/t0/2013-07-24 22-40-36 M 01_01.JPG,Height: 1536 Width: 2048,0,0
test/t0/2013-07-24 22-40-53 M 01_01.JPG,Height: 1536 Width: 2048,0,0
test/t0/2013-07-24 22-41-26 M 01_01.JPG,Height: 1536 Width: 2048,0,0
test/t0/2013-07-24 22-41-31 M 01_01.JPG,Height: 1536 Width: 2048,0,0
test/t0/2013-07-24 22-41-33 M 01_01.JPG,Height: 1536 Width: 2048,0,0
test/t0/2013-07-24 22-41-35 M 01_01.JPG,Height: 1536 Width: 2048,0,0
test/t0/2013-07-24 22-42-33 M 01_01.JPG,Height: 1536 Width: 2048,0,0
test/t0/2013-07-24 22-42-35 M 01_01.JPG,Height: 1536 Width: 2048,0,0
test/t0/2013-07-24 22-44-11 M 01_01.JPG,Height: 1536 Width: 2048,0,0
test/t0/2013-07-24 22-45-00 T 01_01.JPG,Height: 1536 Width: 2048,0,0
test/t0/2013-07-24 22-45-06 M 01_01.JPG,Height: 1536 Width: 2048,0,0
test/t0/2013-07-24 22-47-08 M 01_01.JPG,Height: 1536 Width: 2048,0,0
test/t0/2013-07-24 22-48-26 M 01_01.JPG,Height: 1536 Width: 2048,0,0
test/t0/2013-07-24 22-48-28 M 01_01.JPG,Height: 1536 Width: 2048,0,0
test/t0/2013-07-24 22-48-30 M 01_01.JPG,Height: 1536 Width: 2048,0,0
test/t0/2013-07-24 22-48-46 M 01_01.JPG,Height: 1536 Width: 2048,0,0
test/t0/2013-07-24 22-48-50 M 01_01.JPG,Height: 1536 Width: 2048,0,0
test/t0/2013-07-24 22-49-12 M 01_01.JPG,Height: 1536 Width: 2048,0,0
test/t0/2013-07-24 22-49-54 M 01_01.JPG,Height: 1536 Width: 2048,0,0
test/t0/2013-07-24 22-49-56 M 01_01.JPG,Height: 1536 Width: 2048,0,0
test/t0/2013-07-24 22-50-16 M 01_01.JPG,Height: 1536 Width: 2048,0,0
test/t0/2013-07-24 22-50-19 M 01_01.JPG,Height: 1536 Width: 2048,0,0
test/t0/2013-07-24 22-50-22 M 01_01.JPG,Height: 1536 Width: 2048,0,0
test/t0/2013-07-24 22-50-26 M 01_01.JPG,Height: 1536 Width: 2048,0,0
test/t0/2013-07-24 22-53-55 M 01_01.JPG,Height: 1536 Width: 2048,0,1
test/t0/2013-07-24 22-54-11 M 01_01.JPG,Height: 1536 Width: 2048,0,0
test/t0/2013-07-24 22-55-33 M 01_01.JPG,Height: 1536 Width: 2048,0,0
test/t0/2013-07-24 22-59-04 M 01_01.JPG,Height: 1536 Width: 2048,0,0
test/t0/2013-07-24 23-00-00 T 01_01.JPG,Height: 1536 Width: 2048,0,0
test/t0/2013-07-24 23-01-24 M 01_01.JPG,Height: 1536 Width: 2048,0,0
test/t0/2013-07-24 23-01-28 M 01_01.JPG,Height: 1536 Width: 2048,0,0
test/t0/2013-07-24 23-02-33 M 01_01.JPG,Height: 1536 Width: 2048,0,0
test/t0/2013-07-24 23-02-55 M 01_01.JPG,Height: 1536 Width: 2048,0,0
test/t0/2013-07-24 23-03-04 M 01_01.JPG,Height: 1536 Width: 2048,0,0
test/t0/2013-07-24 23-03-20 M 01_01.JPG,Height: 1536 Width: 2048,0,0
test/t0/2013-07-24 23-04-18 M 01_01.JPG,Height: 1536 Width: 2048,0,0
test/t0/2013-07-24 23-04-22 M 01_01.JPG,Height: 1536 Width: 2048,0,0
test/t0/2013-07-24 23-04-25 M 01_01.JPG,Height: 1536 Width: 2048,0,0
test/t0/2013-07-24 23-04-27 M 01_01.JPG,Height: 1536 Width: 2048,0,0
test/t0/2013-07-24 23-04-30 M 01_01.JPG,Height: 1536 Width: 2048,0,0
test/t0/2013-07-24 23-06-31 M 01_01.JPG,Height: 1536 Width: 2048,0,0
test/t0/2013-07-24 23-06-45 M 01_01.JPG,Height: 1536 Width: 2048,0,0
test/t0/2013-07-24 23-06-49 M 01_01.JPG,Height: 1536 Width: 2048,0,0
test/t0/2013-07-24 23-06-51 M 01_01.JPG,Height: 1536 Width: 2048,0,0
test/t0/2013-07-24 23-06-54 M 01_01.JPG,Height: 1536 Width: 2048,0,0
test/t0/2013-07-24 23-06-56 M 01_01.JPG,Height: 1536 Width: 2048,0,0
test/t0/2013-07-24 23-06-58 M 01_01.JPG,Height: 1536 Width: 2048,0,0
test/t0/2013-07-24 23-07-12 M 01_01.JPG,Height: 1536 Width: 2048,0,0
test/t0/2013-07-24 23-07-15 M 01_01.JPG,Height: 1536 Width: 2048,0,0
test/t0/2013-07-24 23-07-17 M 01_01.JPG,Height: 1536 Width: 2048,0,0
test/t0/2013-07-24 23-07-27 M 01_01.JPG,Height: 1536 Width: 2048,0,0
test/t0/2013-07-24 23-07-29 M 01_01.JPG,Height: 1536 Width: 2048,0,0
test/t0/2013-07-24 23-08-20 M 01_01.JPG,Height: 1536 Width: 2048,0,0
test/t0/2013-07-24 23-08-25 M 01_01.JPG,Height: 1536 Width: 2048,0,0
test/t0/2013-07-24 23-08-29 M 01_01.JPG,Height: 1536 Width: 2048,0,0
test/t0/2013-07-24 23-09-03 M 01_01.JPG,Height: 1536 Width: 2048,0,0
test/t0/2013-07-24 23-09-06 M 01_01.JPG,Height: 1536 Width: 2048,0,0
test/t0/2013-07-24 23-09-09 M 01_01.JPG,Height: 1536 Width: 2048,0,0
test/t0/2013-07-24 23-09-12 M 01_01.JPG,Height: 1536 Width: 2048,0,0
test/t0/2013-07-24 23-09-16 M 01_01.JPG,Height: 1536 Width: 2048,0,0
test/t0/2013-07-24 23-09-20 M 01_01.JPG,Height: 1536 Width: 2048,0,0
test/t0/2013-07-24 23-09-22 M 01_01.JPG,Height: 1536 Width: 2048,0,0
test/t0/2013-07-24 23-09-26 M 01_01.JPG,Height: 1536 Width: 2048,0,0
test/t0/2013-07-24 23-10-00 M 01_01.JPG,Height: 1536 Width: 2048,0,0
test/t0/2013-07-24 23-10-02 M 01_01.JPG,Height: 1536 Width: 2048,0,0
test/t0/2013-07-24 23-10-29 M 01_01.JPG,Height: 1536 Width: 2048,0,0
test/t0/2013-07-24 23-10-31 M 01_01.JPG,Height: 1536 Width: 2048,0,0
test/t0/2013-07-24 23-11-11 M 01_01.JPG,Height: 1536 Width: 2048,0,0
test/t0/2013-07-24 23-11-21 M 01_01.JPG,Height: 1536 Width: 2048,0,0
test/t0/2013-07-24 23-12-33 M 01_01.JPG,Height: 1536 Width: 2048,0,0
test/t0/2013-07-24 23-14-35 M 01_01.JPG,Height: 1536 Width: 2048,0,0
test/t0/2013-07-24 23-15-00 T 01_01.JPG,Height: 1536 Width: 2048,0,0
test/t0/2013-07-24 23-18-46 M 01_01.JPG,Height: 1536 Width: 2048,0,0
test/t0/2013-07-24 23-21-17 M 01_01.JPG,Height: 1536 Width: 2048,0,0
test/t0/2013-07-24 23-21-19 M 01_01.JPG,Height: 1536 Width: 2048,0,0
test/t0/2013-07-24 23-24-30 M 01_01.JPG,Height: 1536 Width: 2048,0,0
test/t0/2013-07-24 23-24-43 M 01_01.JPG,Height: 1536 Width: 2048,0,0
test/t0/2013-07-24 23-25-58 M 01_01.JPG,Height: 1536 Width: 2048,0,0
test/t0/2013-07-24 23-27-10 M 01_01.JPG,Height: 1536 Width: 2048,0,0
test/t0/2013-07-24 23-27-51 M 01_01.JPG,Height: 1536 Width: 2048,0,0
test/t0/2013-07-24 23-28-07 M 01_01.JPG,Height: 1536 Width: 2048,0,0
test/t0/2013-07-24 23-28-09 M 01_01.JPG,Height: 1536 Width: 2048,0,0
test/t0/2013-07-24 23-28-12 M 01_01.JPG,Height: 1536 Width: 2048,0,0
test/t0/2013-07-24 23-28-53 M 01_01.JPG,Height: 1536 Width: 2048,0,0
test/t0/2013-07-24 23-28-57 M 01_01.JPG,Height: 1536 Width: 2048,0,0
test/t0/2013-07-24 23-30-00 T 01_01.JPG,Height: 1536 Width: 2048,0,0
test/t0/2013-07-24 23-32-08 M 01_01.JPG,Height: 1536 Width: 2048,0,0
test/t0/2013-07-24 23-32-10 M 01_01.JPG,Height: 1536 Width: 2048,0,0
test/t0/2013-07-24 23-32-39 M 01_01.JPG,Height: 1536 Width: 2048,0,0
test/t0/2013-07-24 23-34-33 M 01_01.JPG,Height: 1536 Width: 2048,0,0
test/t0/2013-07-24 23-35-08 M 01_01.JPG,Height: 1536 Width: 2048,0,0
test/t0/2013-07-24 23-35-22 M 01_01.JPG,Height: 1536 Width: 2048,0,0
test/t0/2013-07-24 23-35-24 M 01_01.JPG,Height: 1536 Width: 2048,0,0
test/t0/2013-07-24 23-35-29 M 01_01.JPG,Height: 1536 Width: 2048,0,0
test/t0/2013-07-24 23-36-40 M 01_01.JPG,Height: 1536 Width: 2048,0,0
test/t0/2013-07-24 23-36-43 M 01_01.JPG,Height: 1536 Width: 2048,0,0
test/t0/2013-07-24 23-37-25 M 01_01.JPG,Height: 1536 Width: 2048,0,0
test/t0/2013-07-24 23-37-27 M 01_01.JPG,Height: 1536 Width: 2048,0,0
test/t0/2013-07-24 23-41-11 M 01_01.JPG,Height: 1536 Width: 2048,0,0
test/t0/2013-07-24 23-41-40 M 01_01.JPG,Height: 1536 Width: 2048,0,0
test/t0/2013-07-24 23-42-13 M 01_01.JPG,Height: 1536 Width: 2048,0,0
test/t0/2013-07-24 23-42-17 M 01_01.JPG,Height: 1536 Width: 2048,0,0
test/t0/2013-07-24 23-44-13 M 01_01.JPG,Height: 1536 Width: 2048,0,0
test/t0/2013-07-24 23-44-15 M 01_01.JPG,Height: 1536 Width: 2048,0,0
test/t0/2013-07-24 23-44-37 M 01_01.JPG,Height: 1536 Width: 2048,0,0
test/t0/2013-07-24 23-44-39 M 01_01.JPG,Height: 1536 Width: 2048,0,0
test/t0/2013-07-24 23-44-53 M 01_01.JPG,Height: 1536 Width: 2048,0,0
test/t0/2013-07-24 23-44-55 M 01_01.JPG,Height: 1536 Width: 2048,0,0
test/t0/2013-07-24 23-45-00 T 01_01.JPG,Height: 1536 Width: 2048,0,0
test/t0/2013-07-24 23-45-03 M 01_01.JPG,Height: 1536 Width: 2048,0,0
test/t0/2013-07-24 23-45-05 M 01_01.JPG,Height: 1536 Width: 2048,0,0
test/t0/2013-07-24 23-45-27 M 01_01.JPG,Height: 1536 Width: 2048,0,0
test/t0/2013-07-24 23-45-59 M 01_01.JPG,Height: 1536 Width: 2048,0,0
test/t0/2013-07-24 23-46-08 M 01_01.JPG,Height: 1536 Width: 2048,0,0
test/t0/2013-07-24 23-46-41 M 01_01.JPG,Height: 1536 Width: 2048,0,0
test/t0/2013-07-24 23-46-44 M 01_01.JPG,Height: 1536 Width: 2048,0,0
test/t0/2013-07-24 23-46-46 M 01_01.JPG,Height: 1536 Width: 2048,0,0
test/t0/2013-07-24 23-46-49 M 01_01.JPG,Height: 1536 Width: 2048,0,0
test/t0/2013-07-24 23-46-52 M 01_01.JPG,Height: 1536 Width: 2048,0,0
test/t0/2013-07-24 23-46-55 M 01_01.JPG,Height: 1536 Width: 2048,0,0
test/t0/2013-07-24 23-46-58 M 01_01.JPG,Height: 1536 Width: 2048,0,0
test/t0/2013-07-24 23-47-01 M 01_01.JPG,Height: 1536 Width: 2048,0,0
test/t0/2013-07-24 23-47-03 M 01_01.JPG,Height: 1536 Width: 2048,0,0
test/t0/2013-07-24 23-47-05 M 01_01.JPG,Height: 1536 Width: 2048,0,0
test/t0/2013-07-24 23-47-15 M 01_01.JPG,Height: 1536 Width: 2048,0,0
test/t0/2013-07-24 23-47-39 M 01_01.JPG,Height: 1536 Width: 2048,0,0
test/t0/2013-07-24 23-47-53 M 01_01.JPG,Height: 1536 Width: 2048,0,0
test/t0/2013-07-24 23-48-28 M 01_01.JPG,Height: 1536 Width: 2048,0,0
test/t0/2013-07-24 23-48-45 M 01_01.JPG,Height: 1536 Width: 2048,0,0
test/t0/2013-07-24 23-48-48 M 01_01.JPG,Height: 1536 Width: 2048,0,0
test/t0/2013-07-24 23-48-51 M 01_01.JPG,Height: 1536 Width: 2048,0,0
test/t0/2013-07-24 23-48-54 M 01_01.JPG,Height: 1536 Width: 2048,0,0
test/t0/2013-07-24 23-48-57 M 01_01.JPG,Height: 1536 Width: 2048,0,0
test/t0/2013-07-24 23-49-13 M 01_01.JPG,Height: 1536 Width: 2048,0,0
test/t0/2013-07-24 23-50-01 M 01_01.JPG,Height: 1536 Width: 2048,0,0
test/t0/2013-07-24 23-52-29 M 01_01.JPG,Height: 1536 Width: 2048,0,0
test/t0/2013-07-24 23-57-06 M 01_01.JPG,Height: 1536 Width: 2048,0,0
test/t0/2013-07-24 23-58-44 M 01_01.JPG,Height: 1536 Width: 2048,0,0
test/t0/2013-07-24 23-59-59 M 01_01.JPG,Height: 1536 Width: 2048,0,0
test/t0/2013-07-25 00-00-00 T 01_01.JPG,Height: 1536 Width: 2048,0,0
test/t0/2013-07-25 00-03-03 M 01_01.JPG,Height: 1536 Width: 2048,0,0
test/t0/2013-07-25 00-03-23 M 01_01.JPG,Height: 1536 Width: 2048,0,0
test/t0/2013-07-25 00-03-38 M 01_01.JPG,Height: 1536 Width: 2048,0,0
test/t0/2013-07-25 00-03-40 M 01_01.JPG,Height: 1536 Width: 2048,0,0
test/t0/2013-07-25 00-03-55 M 01_01.JPG,Height: 1536 Width: 2048,0,0
test/t0/2013-07-25 00-05-19 M 01_01.JPG,Height: 1536 Width: 2048,0,0
test/t0/2013-07-25 00-05-53 M 01_01.JPG,Height: 1536 Width: 2048,0,0
test/t0/2013-07-25 00-05-56 M 01_01.JPG,Height: 1536 Width: 2048,0,0
test/t0/2013-07-25 00-05-59 M 01_01.JPG,Height: 1536 Width: 2048,0,0
test/t0/2013-07-25 00-06-03 M 01_01.JPG,Height: 1536 Width: 2048,0,0
test/t0/2013-07-25 00-06-49 M 01_01.JPG,Height: 1536 Width: 2048,0,0
test/t0/2013-07-25 00-07-13 M 01_01.JPG,Height: 1536 Width: 2048,0,0
test/t0/2013-07-25 00-07-22 M 01_01.JPG,Height: 1536 Width: 2048,0,0
test/t0/2013-07-25 00-07-42 M 01_01.JPG,Height: 1536 Width: 2048,0,0
test/t0/2013-07-25 00-07-45 M 01_01.JPG,Height: 1536 Width: 2048,0,0
test/t0/2013-07-25 00-07-54 M 01_01.JPG,Height: 1536 Width: 2048,0,0
test/t0/2013-07-25 00-07-58 M 01_01.JPG,Height: 1536 Width: 2048,0,0
test/t0/2013-07-25 00-08-46 M 01_01.JPG,Height: 1536 Width: 2048,0,0
test/t0/2013-07-25 00-08-49 M 01_01.JPG,Height: 1536 Width: 2048,0,0
test/t0/2013-07-25 00-08-55 M 01_01.JPG,Height: 1536 Width: 2048,0,0
test/t0/2013-07-25 00-13-47 M 01_01.JPG,Height: 1536 Width: 2048,0,0
test/t0/2013-07-25 00-15-00 T 01_01.JPG,Height: 1536 Width: 2048,0,0
test/t0/2013-07-25 00-20-26 M 01_01.JPG,Height: 1536 Width: 2048,0,0
test/t0/2013-07-25 00-21-04 M 01_01.JPG,Height: 1536 Width: 2048,0,0
test/t0/2013-07-25 00-21-06 M 01_01.JPG,Height: 1536 Width: 2048,0,0
test/t0/2013-07-25 00-21-08 M 01_01.JPG,Height: 1536 Width: 2048,0,0
test/t0/2013-07-25 00-21-12 M 01_01.JPG,Height: 1536 Width: 2048,0,0
test/t0/2013-07-25 00-22-18 M 01_01.JPG,Height: 1536 Width: 2048,0,0
test/t0/2013-07-25 00-23-04 M 01_01.JPG,Height: 1536 Width: 2048,0,0
test/t0/2013-07-25 00-23-29 M 01_01.JPG,Height: 1536 Width: 2048,0,0
test/t0/2013-07-25 00-23-32 M 01_01.JPG,Height: 1536 Width: 2048,0,0
test/t0/2013-07-25 00-25-08 M 01_01.JPG,Height: 1536 Width: 2048,0,0
test/t0/2013-07-25 00-25-23 M 01_01.JPG,Height: 1536 Width: 2048,0,0
test/t0/2013-07-25 00-25-25 M 01_01.JPG,Height: 1536 Width: 2048,0,0
test/t0/2013-07-25 00-27-09 M 01_01.JPG,Height: 1536 Width: 2048,0,0
test/t0/2013-07-25 00-28-18 M 01_01.JPG,Height: 1536 Width: 2048,0,0
test/t0/2013-07-25 00-28-20 M 01_01.JPG,Height: 1536 Width: 2048,0,0
test/t0/2013-07-25 00-28-36 M 01_01.JPG,Height: 1536 Width: 2048,0,0
test/t0/2013-07-25 00-29-20 M 01_01.JPG,Height: 1536 Width: 2048,0,0
test/t0/2013-07-25 00-29-30 M 01_01.JPG,Height: 1536 Width: 2048,0,0
test/t0/2013-07-25 00-29-40 M 01_01.JPG,Height: 1536 Width: 2048,0,0
test/t0/2013-07-25 00-29-45 M 01_01.JPG,Height: 1536 Width: 2048,0,0
test/t0/2013-07-25 00-29-48 M 01_01.JPG,Height: 1536 Width: 2048,0,0
test/t0/2013-07-25 00-29-56 M 01_01.JPG,Height: 1536 Width: 2048,0,0
test/t0/2013-07-25 00-30-00 T 01_01.JPG,Height: 1536 Width: 2048,0,0
test/t0/2013-07-25 00-30-02 M 01_01.JPG,Height: 1536 Width: 2048,0,0
test/t0/2013-07-25 00-30-04 M 01_01.JPG,Height: 1536 Width: 2048,0,0
test/t0/2013-07-25 00-30-30 M 01_01.JPG,Height: 1536 Width: 2048,0,0
test/t0/2013-07-25 00-33-19 M 01_01.JPG,Height: 1536 Width: 2048,0,0
test/t0/2013-07-25 00-33-22 M 01_01.JPG,Height: 1536 Width: 2048,0,0
test/t0/2013-07-25 00-34-16 M 01_01.JPG,Height: 1536 Width: 2048,0,0
test/t0/2013-07-25 00-34-24 M 01_01.JPG,Height: 1536 Width: 2048,0,0
test/t0/2013-07-25 00-34-44 M 01_01.JPG,Height: 1536 Width: 2048,0,0
test/t0/2013-07-25 00-34-51 M 01_01.JPG,Height: 1536 Width: 2048,0,0
test/t0/2013-07-25 00-34-53 M 01_01.JPG,Height: 1536 Width: 2048,0,0
test/t0/2013-07-25 19-28-13 M 01_01.JPG,Height: 1536 Width: 2048,0,0
test/t0/2013-07-25 19-28-34 M 01_01.JPG,Height: 1536 Width: 2048,0,0
test/t0/2013-07-25 19-29-55 M 01_01.JPG,Height: 1536 Width: 2048,0,0
test/t0/2013-07-25 19-30-00 T 01_01.JPG,Height: 1536 Width: 2048,0,0
test/t0/2013-07-25 19-30-24 M 01_01.JPG,Height: 1536 Width: 2048,0,0
test/t0/2013-07-25 19-30-51 M 01_01.JPG,Height: 1536 Width: 2048,0,0
test/t0/2013-07-25 19-33-00 M 01_01.JPG,Height: 1536 Width: 2048,0,0
test/t0/2013-07-25 19-33-26 M 01_01.JPG,Height: 1536 Width: 2048,0,0
test/t0/2013-07-25 19-45-00 T 01_01.JPG,Height: 1536 Width: 2048,0,0
test/t0/2013-07-25 19-45-10 M 01_01.JPG,Height: 1536 Width: 2048,0,0
test/t0/2013-07-25 20-00-00 T 01_01.JPG,Height: 1536 Width: 2048,0,0
test/t0/2013-07-25 20-00-46 M 01_01.JPG,Height: 1536 Width: 2048,0,0
test/t0/2013-07-25 20-00-54 M 01_01.JPG,Height: 1536 Width: 2048,0,0
test/t0/2013-07-25 20-01-11 M 01_01.JPG,Height: 1536 Width: 2048,0,0
test/t0/2013-07-25 20-04-03 M 01_01.JPG,Height: 1536 Width: 2048,0,1
test/t0/2013-07-25 20-15-19 M 01_01.JPG,Height: 1536 Width: 2048,0,0
test/t0/2013-07-25 20-15-26 M 01_01.JPG,Height: 1536 Width: 2048,0,0
test/t0/2013-07-25 20-15-41 M 01_01.JPG,Height: 1536 Width: 2048,0,0
test/t0/2013-07-25 20-15-44 M 01_01.JPG,Height: 1536 Width: 2048,0,0
test/t0/2013-07-25 20-16-11 M 01_01.JPG,Height: 1536 Width: 2048,0,0
test/t0/2013-07-25 20-16-14 M 01_01.JPG,Height: 1536 Width: 2048,0,0
test/t0/2013-07-25 20-16-43 M 01_01.JPG,Height: 1536 Width: 2048,0,1
test/t0/2013-07-25 20-16-50 M 01_01.JPG,Height: 1536 Width: 2048,0,0
test/t0/2013-07-25 20-16-58 M 01_01.JPG,Height: 1536 Width: 2048,0,1
test/t0/2013-07-25 20-17-01 M 01_01.JPG,Height: 1536 Width: 2048,0,0
test/t0/2013-07-25 20-17-19 M 01_01.JPG,Height: 1536 Width: 2048,0,0
test/t0/2013-07-25 20-17-28 M 01_01.JPG,Height: 1536 Width: 2048,0,1
test/t0/2013-07-25 20-17-48 M 01_01.JPG,Height: 1536 Width: 2048,0,1
test/t0/2013-07-25 20-17-54 M 01_01.JPG,Height: 1536 Width: 2048,0,0
test/t0/2013-07-25 20-17-59 M 01_01.JPG,Height: 1536 Width: 2048,0,0
test/t0/2013-07-26 16-09-43 M 01_01.JPG,Height: 1536 Width: 2048,0,0
test/t0/2013-07-26 16-10-51 M 01_01.JPG,Height: 1536 Width: 2048,0,0
test/t0/2013-07-26 16-11-13 M 01_01.JPG,Height: 1536 Width: 2048,0,0
test/t0/2013-07-26 16-11-16 M 01_01.JPG,Height: 1536 Width: 2048,0,0
test/t0/2013-07-26 16-11-26 M 01_01.JPG,Height: 1536 Width: 2048,0,0
test/t0/2013-07-26 16-12-27 M 01_01.JPG,Height: 1536 Width: 2048,0,0
test/t0/2013-07-26 16-13-40 M 01_01.JPG,Height: 1536 Width: 2048,0,0
test/t0/2013-07-26 16-13-42 M 01_01.JPG,Height: 1536 Width: 2048,0,0
test/t0/2013-07-26 16-13-46 M 01_01.JPG,Height: 1536 Width: 2048,0,0
test/t0/2013-07-26 16-15-00 T 01_01.JPG,Height: 1536 Width: 2048,0,0
test/t0/2013-07-26 16-15-31 M 01_01.JPG,Height: 1536 Width: 2048,0,0
test/t0/2013-07-26 16-17-07 M 01_01.JPG,Height: 1536 Width: 2048,0,0
test/t0/2013-07-26 16-21-49 M 01_01.JPG,Height: 1536 Width: 2048,0,0
test/t0/2013-07-26 16-22-09 M 01_01.JPG,Height: 1536 Width: 2048,0,1
test/t0/2013-07-26 16-22-44 M 01_01.JPG,Height: 1536 Width: 2048,0,1
test/t0/2013-07-26 16-22-53 M 01_01.JPG,Height: 1536 Width: 2048,0,1
test/t0/2013-07-26 16-27-36 M 01_01.JPG,Height: 1536 Width: 2048,0,0
test/t0/2013-07-26 16-27-43 M 01_01.JPG,Height: 1536 Width: 2048,0,0
test/t0/2013-07-26 22-06-11 M 01_01.JPG,Height: 1536 Width: 2048,0,0
test/t0/2013-07-26 22-06-14 M 01_01.JPG,Height: 1536 Width: 2048,0,0
test/t0/2013-07-26 22-06-16 M 01_01.JPG,Height: 1536 Width: 2048,0,0
test/t0/2013-07-26 22-06-23 M 01_01.JPG,Height: 1536 Width: 2048,0,0
test/t0/2013-07-26 22-06-27 M 01_01.JPG,Height: 1536 Width: 2048,0,0
test/t0/2013-07-26 22-06-30 M 01_01.JPG,Height: 1536 Width: 2048,0,0
test/t0/2013-07-26 22-08-14 M 01_01.JPG,Height: 1536 Width: 2048,0,0
test/t0/2013-07-26 22-08-16 M 01_01.JPG,Height: 1536 Width: 2048,0,0
test/t0/2013-07-26 22-08-43 M 01_01.JPG,Height: 1536 Width: 2048,0,0
test/t0/2013-07-26 22-08-46 M 01_01.JPG,Height: 1536 Width: 2048,0,0
test/t0/2013-07-26 22-08-49 M 01_01.JPG,Height: 1536 Width: 2048,0,0
test/t0/2013-07-26 22-09-17 M 01_01.JPG,Height: 1536 Width: 2048,0,0
test/t0/2013-07-26 22-09-34 M 01_01.JPG,Height: 1536 Width: 2048,0,0
test/t0/2013-07-26 22-09-42 M 01_01.JPG,Height: 1536 Width: 2048,0,0
test/t0/2013-07-26 22-09-48 M 01_01.JPG,Height: 1536 Width: 2048,0,0
test/t0/2013-07-26 22-11-05 M 01_01.JPG,Height: 1536 Width: 2048,0,0
test/t0/2013-07-26 22-12-19 M 01_01.JPG,Height: 1536 Width: 2048,0,0
test/t0/2013-07-26 22-13-34 M 01_01.JPG,Height: 1536 Width: 2048,0,0
test/t0/2013-07-26 22-14-00 M 01_01.JPG,Height: 1536 Width: 2048,0,0
test/t0/2013-07-26 22-15-00 T 01_01.JPG,Height: 1536 Width: 2048,0,0
test/t0/2013-07-26 22-15-43 M 01_01.JPG,Height: 1536 Width: 2048,0,0
test/t0/2013-07-26 22-17-08 M 01_01.JPG,Height: 1536 Width: 2048,0,0
test/t0/2013-07-26 22-17-13 M 01_01.JPG,Height: 1536 Width: 2048,0,0
test/t0/2013-07-26 22-17-31 M 01_01.JPG,Height: 1536 Width: 2048,0,0
test/t0/2013-07-26 22-17-33 M 01_01.JPG,Height: 1536 Width: 2048,0,0
test/t0/2013-07-26 22-17-39 M 01_01.JPG,Height: 1536 Width: 2048,0,0
test/t0/2013-07-26 22-18-20 M 01_01.JPG,Height: 1536 Width: 2048,0,0
test/t0/2013-07-26 22-18-31 M 01_01.JPG,Height: 1536 Width: 2048,0,0
test/t0/2013-07-26 22-18-34 M 01_01.JPG,Height: 1536 Width: 2048,0,0
test/t0/2013-07-26 22-20-18 M 01_01.JPG,Height: 1536 Width: 2048,0,0
test/t0/2013-07-26 22-21-25 M 01_01.JPG,Height: 1536 Width: 2048,0,0
test/t0/2013-07-26 22-21-37 M 01_01.JPG,Height: 1536 Width: 2048,0,0
test/t0/2013-07-26 22-21-40 M 01_01.JPG,Height: 1536 Width: 2048,0,0
test/t0/2013-07-26 22-22-02 M 01_01.JPG,Height: 1536 Width: 2048,0,0
test/t0/2013-07-26 22-22-19 M 01_01.JPG,Height: 1536 Width: 2048,0,0
test/t0/2013-07-26 22-22-23 M 01_01.JPG,Height: 1536 Width: 2048,0,0
test/t0/2013-07-26 22-22-25 M 01_01.JPG,Height: 1536 Width: 2048,0,0
test/t0/2013-07-26 22-22-33 M 01_01.JPG,Height: 1536 Width: 2048,0,0
test/t0/2013-07-26 22-22-35 M 01_01.JPG,Height: 1536 Width: 2048,0,0
test/t0/2013-07-26 22-22-48 M 01_01.JPG,Height: 1536 Width: 2048,0,0
test/t0/2013-07-26 22-22-58 M 01_01.JPG,Height: 1536 Width: 2048,0,0
test/t0/2013-07-26 22-23-00 M 01_01.JPG,Height: 1536 Width: 2048,0,0
test/t0/2013-07-26 22-23-02 M 01_01.JPG,Height: 1536 Width: 2048,0,0
test/t0/2013-07-26 22-23-21 M 01_01.JPG,Height: 1536 Width: 2048,0,0
test/t0/2013-07-26 22-23-23 M 01_01.JPG,Height: 1536 Width: 2048,0,0
test/t0/2013-07-26 22-23-36 M 01_01.JPG,Height: 1536 Width: 2048,0,0
test/t0/2013-07-26 22-23-44 M 01_01.JPG,Height: 1536 Width: 2048,0,0
test/t0/2013-07-26 22-23-54 M 01_01.JPG,Height: 1536 Width: 2048,0,0
test/t1/2013-07-27 10-55-56 M 01_01.JPG,Height: 1536 Width: 2048,1,1
test/t1/2013-07-27 10-56-23 M 01_01.JPG,Height: 1536 Width: 2048,1,1
test/t1/2013-07-27 10-57-07 M 01_01.JPG,Height: 1536 Width: 2048,1,1
test/t1/2013-07-27 10-58-49 M 01_01.JPG,Height: 1536 Width: 2048,1,1
test/t1/2013-07-27 10-58-53 M 01_01.JPG,Height: 1536 Width: 2048,1,1
test/t1/2013-07-27 10-59-33 M 01_01.JPG,Height: 1536 Width: 2048,1,1
test/t1/2013-07-27 10-59-45 M 01_01.JPG,Height: 1536 Width: 2048,1,1
test/t1/2013-07-27 11-00-00 T 01_01.JPG,Height: 1536 Width: 2048,1,1
test/t1/2013-07-27 11-00-23 M 01_01.JPG,Height: 1536 Width: 2048,1,1
test/t1/2013-07-27 11-00-44 M 01_01.JPG,Height: 1536 Width: 2048,1,1
test/t1/2013-07-27 11-04-49 M 01_01.JPG,Height: 1536 Width: 2048,1,1
test/t1/2013-07-27 11-04-52 M 01_01.JPG,Height: 1536 Width: 2048,1,1
test/t1/2013-07-27 11-04-56 M 01_01.JPG,Height: 1536 Width: 2048,1,1
test/t1/2013-07-27 11-04-59 M 01_01.JPG,Height: 1536 Width: 2048,1,1
test/t1/2013-07-27 11-05-03 M 01_01.JPG,Height: 1536 Width: 2048,1,1
test/t1/2013-07-27 11-05-07 M 01_01.JPG,Height: 1536 Width: 2048,1,1
test/t1/2013-07-27 11-05-09 M 01_01.JPG,Height: 1536 Width: 2048,1,1
test/t1/2013-07-27 11-05-12 M 01_01.JPG,Height: 1536 Width: 2048,1,1
test/t1/2013-07-27 11-05-16 M 01_01.JPG,Height: 1536 Width: 2048,1,1
test/t1/2013-07-27 11-05-19 M 01_01.JPG,Height: 1536 Width: 2048,1,1
test/t1/2013-07-27 11-05-21 M 01_01.JPG,Height: 1536 Width: 2048,1,1
test/t1/2013-07-27 11-05-24 M 01_01.JPG,Height: 1536 Width: 2048,1,1
test/t1/2013-07-27 11-05-27 M 01_01.JPG,Height: 1536 Width: 2048,1,1
test/t1/2013-07-27 11-05-30 M 01_01.JPG,Height: 1536 Width: 2048,1,1
test/t1/2013-07-27 11-05-32 M 01_01.JPG,Height: 1536 Width: 2048,1,1
test/t1/2013-07-27 11-05-35 M 01_01.JPG,Height: 1536 Width: 2048,1,1
test/t1/2013-07-27 11-05-37 M 01_01.JPG,Height: 1536 Width: 2048,1,1
test/t1/2013-07-27 11-05-42 M 01_01.JPG,Height: 1536 Width: 2048,1,1
test/t1/2013-07-27 11-05-47 M 01_01.JPG,Height: 1536 Width: 2048,1,1
test/t1/2013-07-27 11-05-52 M 01_01.JPG,Height: 1536 Width: 2048,1,1
test/t1/2013-07-27 11-05-58 M 01_01.JPG,Height: 1536 Width: 2048,1,1
test/t1/2013-07-27 11-06-01 M 01_01.JPG,Height: 1536 Width: 2048,1,1
test/t1/2013-07-27 11-06-04 M 01_01.JPG,Height: 1536 Width: 2048,1,1
test/t1/2013-07-27 11-06-07 M 01_01.JPG,Height: 1536 Width: 2048,1,1
test/t1/2013-07-27 11-06-12 M 01_01.JPG,Height: 1536 Width: 2048,1,1
test/t1/2013-07-27 11-06-15 M 01_01.JPG,Height: 1536 Width: 2048,1,1
test/t1/2013-07-27 11-06-48 M 01_01.JPG,Height: 1536 Width: 2048,1,1
test/t1/2013-07-27 11-06-55 M 01_01.JPG,Height: 1536 Width: 2048,1,1
test/t1/2013-07-27 11-07-38 M 01_01.JPG,Height: 1536 Width: 2048,1,1
test/t1/2013-07-27 11-08-18 M 01_01.JPG,Height: 1536 Width: 2048,1,1
test/t1/2013-07-27 11-08-37 M 01_01.JPG,Height: 1536 Width: 2048,1,1
test/t1/2013-07-27 11-08-40 M 01_01.JPG,Height: 1536 Width: 2048,1,1
test/t1/2013-07-27 11-09-15 M 01_01.JPG,Height: 1536 Width: 2048,1,1
test/t1/2013-07-27 11-09-21 M 01_01.JPG,Height: 1536 Width: 2048,1,1
test/t1/2013-07-27 11-09-24 M 01_01.JPG,Height: 1536 Width: 2048,1,1
test/t1/2013-07-27 11-09-31 M 01_01.JPG,Height: 1536 Width: 2048,1,1
test/t1/2013-07-27 11-09-56 M 01_01.JPG,Height: 1536 Width: 2048,1,1
test/t1/2013-07-27 11-10-00 M 01_01.JPG,Height: 1536 Width: 2048,1,1
test/t1/2013-07-27 11-10-17 M 01_01.JPG,Height: 1536 Width: 2048,1,1
test/t1/2013-07-27 11-10-26 M 01_01.JPG,Height: 1536 Width: 2048,1,1
test/t1/2013-07-27 11-13-30 M 01_01.JPG,Height: 1536 Width: 2048,1,1
test/t1/2013-07-27 11-15-00 T 01_01.JPG,Height: 1536 Width: 2048,1,1
test/t1/2013-07-27 11-22-39 M 01_01.JPG,Height: 1536 Width: 2048,1,1
test/t1/2013-07-27 11-22-42 M 01_01.JPG,Height: 1536 Width: 2048,1,1
test/t1/2013-07-27 11-22-46 M 01_01.JPG,Height: 1536 Width: 2048,1,1
test/t1/2013-07-27 11-22-49 M 01_01.JPG,Height: 1536 Width: 2048,1,1
test/t1/2013-07-27 11-23-54 M 01_01.JPG,Height: 1536 Width: 2048,1,1
test/t1/2013-07-27 11-23-57 M 01_01.JPG,Height: 1536 Width: 2048,1,1
test/t1/2013-07-27 11-24-01 M 01_01.JPG,Height: 1536 Width: 2048,1,1
test/t1/2013-07-27 11-24-09 M 01_01.JPG,Height: 1536 Width: 2048,1,1
test/t1/2013-07-27 11-24-11 M 01_01.JPG,Height: 1536 Width: 2048,1,1
test/t1/2013-07-27 11-24-14 M 01_01.JPG,Height: 1536 Width: 2048,1,1
test/t1/2013-07-27 11-24-18 M 01_01.JPG,Height: 1536 Width: 2048,1,1
test/t1/2013-07-27 11-24-22 M 01_01.JPG,Height: 1536 Width: 2048,1,1
test/t1/2013-07-27 11-24-41 M 01_01.JPG,Height: 1536 Width: 2048,1,1
test/t1/2013-07-27 11-25-00 M 01_01.JPG,Height: 1536 Width: 2048,1,1
test/t1/2013-07-27 11-25-02 M 01_01.JPG,Height: 1536 Width: 2048,1,1
test/t1/2013-07-27 11-25-06 M 01_01.JPG,Height: 1536 Width: 2048,1,1
test/t1/2013-07-27 11-25-23 M 01_01.JPG,Height: 1536 Width: 2048,1,1
test/t1/2013-07-27 11-25-33 M 01_01.JPG,Height: 1536 Width: 2048,1,1
test/t1/2013-07-27 11-25-37 M 01_01.JPG,Height: 1536 Width: 2048,1,1
test/t1/2013-07-27 11-25-42 M 01_01.JPG,Height: 1536 Width: 2048,1,1
test/t1/2013-07-27 11-25-46 M 01_01.JPG,Height: 1536 Width: 2048,1,1
test/t1/2013-07-27 11-26-00 M 01_01.JPG,Height: 1536 Width: 2048,1,1
test/t1/2013-07-27 11-26-02 M 01_01.JPG,Height: 1536 Width: 2048,1,1
test/t1/2013-07-27 11-26-11 M 01_01.JPG,Height: 1536 Width: 2048,1,1
test/t1/2013-07-27 11-26-23 M 01_01.JPG,Height: 1536 Width: 2048,1,1
test/t1/2013-07-27 11-26-27 M 01_01.JPG,Height: 1536 Width: 2048,1,1
test/t1/2013-07-27 11-26-29 M 01_01.JPG,Height: 1536 Width: 2048,1,1
test/t1/2013-07-27 11-26-32 M 01_01.JPG,Height: 1536 Width: 2048,1,1
test/t1/2013-07-27 11-26-35 M 01_01.JPG,Height: 1536 Width: 2048,1,1
test/t1/2013-07-27 11-26-43 M 01_01.JPG,Height: 1536 Width: 2048,1,1
test/t1/2013-07-27 11-26-47 M 01_01.JPG,Height: 1536 Width: 2048,1,1
test/t1/2013-07-27 11-26-55 M 01_01.JPG,Height: 1536 Width: 2048,1,1
test/t1/2013-07-27 11-27-10 M 01_01.JPG,Height: 1536 Width: 2048,1,1
test/t1/2013-07-27 11-27-13 M 01_01.JPG,Height: 1536 Width: 2048,1,1
test/t1/2013-07-27 11-27-16 M 01_01.JPG,Height: 1536 Width: 2048,1,1
test/t1/2013-07-27 11-27-29 M 01_01.JPG,Height: 1536 Width: 2048,1,1
test/t1/2013-07-27 11-27-54 M 01_01.JPG,Height: 1536 Width: 2048,1,1
test/t1/2013-07-27 11-27-56 M 01_01.JPG,Height: 1536 Width: 2048,1,1
test/t1/2013-07-27 11-30-00 T 01_01.JPG,Height: 1536 Width: 2048,1,1
test/t1/2013-07-27 11-30-35 M 01_01.JPG,Height: 1536 Width: 2048,1,1
test/t1/2013-07-27 11-30-38 M 01_01.JPG,Height: 1536 Width: 2048,1,1
test/t1/2013-07-27 11-30-42 M 01_01.JPG,Height: 1536 Width: 2048,1,1
test/t1/2013-07-27 11-31-09 M 01_01.JPG,Height: 1536 Width: 2048,1,1
test/t1/2013-07-27 11-31-12 M 01_01.JPG,Height: 1536 Width: 2048,1,1
test/t1/2013-07-27 11-31-26 M 01_01.JPG,Height: 1536 Width: 2048,1,1
test/t1/2013-07-27 11-31-37 M 01_01.JPG,Height: 1536 Width: 2048,1,1
test/t1/2013-07-27 11-32-00 M 01_01.JPG,Height: 1536 Width: 2048,1,1
test/t1/2013-07-27 11-32-12 M 01_01.JPG,Height: 1536 Width: 2048,1,1
test/t1/2013-07-27 11-32-15 M 01_01.JPG,Height: 1536 Width: 2048,1,1
test/t1/2013-07-27 11-32-17 M 01_01.JPG,Height: 1536 Width: 2048,1,1
test/t1/2013-07-27 11-32-44 M 01_01.JPG,Height: 1536 Width: 2048,1,1
test/t1/2013-07-27 11-32-49 M 01_01.JPG,Height: 1536 Width: 2048,1,1
test/t1/2013-07-27 11-33-19 M 01_01.JPG,Height: 1536 Width: 2048,1,1
test/t1/2013-07-27 11-34-11 M 01_01.JPG,Height: 1536 Width: 2048,1,1
test/t1/2013-07-27 11-34-28 M 01_01.JPG,Height: 1536 Width: 2048,1,1
test/t1/2013-07-27 11-34-31 M 01_01.JPG,Height: 1536 Width: 2048,1,1
test/t1/2013-07-27 11-34-54 M 01_01.JPG,Height: 1536 Width: 2048,1,1
test/t1/2013-07-27 11-34-59 M 01_01.JPG,Height: 1536 Width: 2048,1,1
test/t1/2013-07-27 11-35-13 M 01_01.JPG,Height: 1536 Width: 2048,1,1
test/t1/2013-07-27 11-35-16 M 01_01.JPG,Height: 1536 Width: 2048,1,1
test/t1/2013-07-27 11-35-22 M 01_01.JPG,Height: 1536 Width: 2048,1,1
test/t1/2013-07-27 11-35-35 M 01_01.JPG,Height: 1536 Width: 2048,1,1
test/t1/2013-07-27 11-35-38 M 01_01.JPG,Height: 1536 Width: 2048,1,1
test/t1/2013-07-27 11-35-41 M 01_01.JPG,Height: 1536 Width: 2048,1,1
test/t1/2013-07-27 11-35-44 M 01_01.JPG,Height: 1536 Width: 2048,1,1
test/t1/2013-07-27 11-35-54 M 01_01.JPG,Height: 1536 Width: 2048,1,1
test/t1/2013-07-27 11-37-59 M 01_01.JPG,Height: 1536 Width: 2048,1,1
test/t1/2013-07-27 11-38-17 M 01_01.JPG,Height: 1536 Width: 2048,1,1
test/t1/2013-07-27 11-38-36 M 01_01.JPG,Height: 1536 Width: 2048,1,1
test/t1/2013-07-27 11-41-24 M 01_01.JPG,Height: 1536 Width: 2048,1,1
test/t1/2013-07-27 11-41-27 M 01_01.JPG,Height: 1536 Width: 2048,1,1
test/t1/2013-07-27 11-42-20 M 01_01.JPG,Height: 1536 Width: 2048,1,1
test/t1/2013-07-27 11-42-29 M 01_01.JPG,Height: 1536 Width: 2048,1,1
test/t1/2013-07-27 11-44-02 M 01_01.JPG,Height: 1536 Width: 2048,1,1
test/t1/2013-07-27 11-44-55 M 01_01.JPG,Height: 1536 Width: 2048,1,1
test/t1/2013-07-27 11-45-00 T 01_01.JPG,Height: 1536 Width: 2048,1,1
test/t1/2013-07-27 11-47-25 M 01_01.JPG,Height: 1536 Width: 2048,1,1
test/t1/2013-07-27 11-47-28 M 01_01.JPG,Height: 1536 Width: 2048,1,1
test/t1/2013-07-27 11-48-25 M 01_01.JPG,Height: 1536 Width: 2048,1,1
test/t1/2013-07-27 11-48-45 M 01_01.JPG,Height: 1536 Width: 2048,1,1
test/t1/2013-07-27 11-48-50 M 01_01.JPG,Height: 1536 Width: 2048,1,1
test/t1/2013-07-27 11-49-40 M 01_01.JPG,Height: 1536 Width: 2048,1,1
test/t1/2013-07-27 11-50-15 M 01_01.JPG,Height: 1536 Width: 2048,1,1
test/t1/2013-07-27 11-50-34 M 01_01.JPG,Height: 1536 Width: 2048,1,1
test/t1/2013-07-27 11-50-41 M 01_01.JPG,Height: 1536 Width: 2048,1,1
test/t1/2013-07-27 11-50-44 M 01_01.JPG,Height: 1536 Width: 2048,1,1
test/t1/2013-07-27 11-50-48 M 01_01.JPG,Height: 1536 Width: 2048,1,1
test/t1/2013-07-27 11-51-09 M 01_01.JPG,Height: 1536 Width: 2048,1,1
test/t1/2013-07-27 11-52-33 M 01_01.JPG,Height: 1536 Width: 2048,1,1
test/t1/2013-07-27 11-52-36 M 01_01.JPG,Height: 1536 Width: 2048,1,1
test/t1/2013-07-27 11-52-47 M 01_01.JPG,Height: 1536 Width: 2048,1,1
test/t1/2013-07-27 11-54-47 M 01_01.JPG,Height: 1536 Width: 2048,1,1
test/t1/2013-07-27 11-57-12 M 01_01.JPG,Height: 1536 Width: 2048,1,1
test/t1/2013-07-27 11-57-17 M 01_01.JPG,Height: 1536 Width: 2048,1,1
test/t1/2013-07-27 11-57-42 M 01_01.JPG,Height: 1536 Width: 2048,1,1
test/t1/2013-07-27 11-57-45 M 01_01.JPG,Height: 1536 Width: 2048,1,1
test/t1/2013-07-27 11-57-58 M 01_01.JPG,Height: 1536 Width: 2048,1,1
test/t1/2013-07-27 11-58-01 M 01_01.JPG,Height: 1536 Width: 2048,1,1
test/t1/2013-07-27 11-58-52 M 01_01.JPG,Height: 1536 Width: 2048,1,1
test/t1/2013-07-27 11-59-00 M 01_01.JPG,Height: 1536 Width: 2048,1,1
test/t1/2013-07-27 11-59-03 M 01_01.JPG,Height: 1536 Width: 2048,1,1
test/t1/2013-07-27 11-59-05 M 01_01.JPG,Height: 1536 Width: 2048,1,1
test/t1/2013-07-27 11-59-10 M 01_01.JPG,Height: 1536 Width: 2048,1,1
test/t1/2013-07-27 11-59-19 M 01_01.JPG,Height: 1536 Width: 2048,1,1
test/t1/2013-07-27 11-59-31 M 01_01.JPG,Height: 1536 Width: 2048,1,1
test/t1/2013-07-27 11-59-34 M 01_01.JPG,Height: 1536 Width: 2048,1,1
test/t1/2013-07-27 11-59-37 M 01_01.JPG,Height: 1536 Width: 2048,1,1
test/t1/2013-07-27 11-59-43 M 01_01.JPG,Height: 1536 Width: 2048,1,1
test/t1/2013-07-27 11-59-46 M 01_01.JPG,Height: 1536 Width: 2048,1,1
test/t1/2013-07-27 11-59-49 M 01_01.JPG,Height: 1536 Width: 2048,1,1
test/t1/2013-07-27 11-59-53 M 01_01.JPG,Height: 1536 Width: 2048,1,1
test/t1/2013-07-27 12-00-00 T 01_01.JPG,Height: 1536 Width: 2048,1,1
test/t1/2013-07-27 12-00-03 M 01_01.JPG,Height: 1536 Width: 2048,1,1
test/t1/2013-07-27 12-00-08 M 01_01.JPG,Height: 1536 Width: 2048,1,1
test/t1/2013-07-27 12-00-27 M 01_01.JPG,Height: 1536 Width: 2048,1,1
test/t1/2013-07-27 12-02-14 M 01_01.JPG,Height: 1536 Width: 2048,1,1
test/t1/2013-07-27 12-02-42 M 01_01.JPG,Height: 1536 Width: 2048,1,1
test/t1/2013-07-27 12-02-49 M 01_01.JPG,Height: 1536 Width: 2048,1,1
test/t1/2013-07-27 12-02-53 M 01_01.JPG,Height: 1536 Width: 2048,1,1
test/t1/2013-07-27 12-04-28 M 01_01.JPG,Height: 1536 Width: 2048,1,1
test/t1/2013-07-27 12-04-30 M 01_01.JPG,Height: 1536 Width: 2048,1,1
test/t1/2013-07-27 12-04-44 M 01_01.JPG,Height: 1536 Width: 2048,1,1
test/t1/2013-07-27 12-05-11 M 01_01.JPG,Height: 1536 Width: 2048,1,1
test/t1/2013-07-27 12-05-17 M 01_01.JPG,Height: 1536 Width: 2048,1,1
test/t1/2013-07-27 12-05-40 M 01_01.JPG,Height: 1536 Width: 2048,1,1
test/t1/2013-07-27 12-06-03 M 01_01.JPG,Height: 1536 Width: 2048,1,1
test/t1/2013-07-27 12-06-05 M 01_01.JPG,Height: 1536 Width: 2048,1,1
test/t1/2013-07-27 12-06-08 M 01_01.JPG,Height: 1536 Width: 2048,1,1
test/t1/2013-07-27 12-06-11 M 01_01.JPG,Height: 1536 Width: 2048,1,1
test/t1/2013-07-27 12-06-16 M 01_01.JPG,Height: 1536 Width: 2048,1,1
test/t1/2013-07-27 12-06-19 M 01_01.JPG,Height: 1536 Width: 2048,1,0
test/t1/2013-07-27 12-06-23 M 01_01.JPG,Height: 1536 Width: 2048,1,1
test/t1/2013-07-27 12-06-29 M 01_01.JPG,Height: 1536 Width: 2048,1,1
test/t1/2013-07-27 12-06-32 M 01_01.JPG,Height: 1536 Width: 2048,1,1
test/t1/2013-07-27 12-06-35 M 01_01.JPG,Height: 1536 Width: 2048,1,1
test/t1/2013-07-27 12-06-55 M 01_01.JPG,Height: 1536 Width: 2048,1,1
test/t1/2013-07-27 12-08-17 M 01_01.JPG,Height: 1536 Width: 2048,1,1
test/t1/2013-07-27 12-08-21 M 01_01.JPG,Height: 1536 Width: 2048,1,1
test/t1/2013-07-27 12-08-58 M 01_01.JPG,Height: 1536 Width: 2048,1,1
test/t1/2013-07-27 12-09-06 M 01_01.JPG,Height: 1536 Width: 2048,1,1
test/t1/2013-07-27 12-09-38 M 01_01.JPG,Height: 1536 Width: 2048,1,1
test/t1/2013-07-27 12-09-42 M 01_01.JPG,Height: 1536 Width: 2048,1,1
test/t1/2013-07-27 12-09-50 M 01_01.JPG,Height: 1536 Width: 2048,1,1
test/t1/2013-07-27 12-10-09 M 01_01.JPG,Height: 1536 Width: 2048,1,1
test/t1/2013-07-27 12-10-52 M 01_01.JPG,Height: 1536 Width: 2048,1,1
test/t1/2013-07-27 12-12-41 M 01_01.JPG,Height: 1536 Width: 2048,1,1
test/t1/2013-07-27 12-12-46 M 01_01.JPG,Height: 1536 Width: 2048,1,1
test/t1/2013-07-27 12-12-49 M 01_01.JPG,Height: 1536 Width: 2048,1,1
test/t1/2013-07-27 12-12-58 M 01_01.JPG,Height: 1536 Width: 2048,1,1
test/t1/2013-07-27 12-13-01 M 01_01.JPG,Height: 1536 Width: 2048,1,1
test/t1/2013-07-27 12-13-40 M 01_01.JPG,Height: 1536 Width: 2048,1,1
test/t1/2013-07-27 12-13-43 M 01_01.JPG,Height: 1536 Width: 2048,1,1
test/t1/2013-07-27 12-13-47 M 01_01.JPG,Height: 1536 Width: 2048,1,1
test/t1/2013-07-27 12-13-51 M 01_01.JPG,Height: 1536 Width: 2048,1,1
test/t1/2013-07-27 12-14-10 M 01_01.JPG,Height: 1536 Width: 2048,1,1
test/t1/2013-07-27 12-18-04 M 01_01.JPG,Height: 1536 Width: 2048,1,1
test/t1/2013-07-27 12-18-07 M 01_01.JPG,Height: 1536 Width: 2048,1,1
test/t1/2013-07-27 12-18-11 M 01_01.JPG,Height: 1536 Width: 2048,1,1
test/t1/2013-07-27 12-18-19 M 01_01.JPG,Height: 1536 Width: 2048,1,1
test/t1/2013-07-27 12-18-29 M 01_01.JPG,Height: 1536 Width: 2048,1,1
test/t1/2013-07-27 12-18-45 M 01_01.JPG,Height: 1536 Width: 2048,1,1
test/t1/2013-07-27 12-18-50 M 01_01.JPG,Height: 1536 Width: 2048,1,1
test/t1/2013-07-27 12-18-54 M 01_01.JPG,Height: 1536 Width: 2048,1,1
test/t1/2013-07-27 12-19-34 M 01_01.JPG,Height: 1536 Width: 2048,1,1
test/t1/2013-07-27 12-19-46 M 01_01.JPG,Height: 1536 Width: 2048,1,1
test/t1/2013-07-27 12-19-53 M 01_01.JPG,Height: 1536 Width: 2048,1,1
test/t1/2013-07-27 12-20-16 M 01_01.JPG,Height: 1536 Width: 2048,1,1
test/t1/2013-07-27 12-20-37 M 01_01.JPG,Height: 1536 Width: 2048,1,1
test/t1/2013-07-27 12-21-03 M 01_01.JPG,Height: 1536 Width: 2048,1,1
test/t1/2013-07-27 12-21-06 M 01_01.JPG,Height: 1536 Width: 2048,1,1
test/t1/2013-07-27 12-21-09 M 01_01.JPG,Height: 1536 Width: 2048,1,1
test/t1/2013-07-27 12-28-26 M 01_01.JPG,Height: 1536 Width: 2048,1,1
test/t1/2013-07-27 12-29-13 M 01_01.JPG,Height: 1536 Width: 2048,1,1
test/t1/2013-07-27 12-29-16 M 01_01.JPG,Height: 1536 Width: 2048,1,1
test/t1/2013-07-27 12-30-00 T 01_01.JPG,Height: 1536 Width: 2048,1,1
test/t1/2013-07-27 12-34-14 M 01_01.JPG,Height: 1536 Width: 2048,1,1
test/t1/2013-07-27 12-34-17 M 01_01.JPG,Height: 1536 Width: 2048,1,1
test/t1/2013-07-27 12-34-20 M 01_01.JPG,Height: 1536 Width: 2048,1,1
test/t1/2013-07-27 12-34-22 M 01_01.JPG,Height: 1536 Width: 2048,1,1
test/t1/2013-07-27 12-35-25 M 01_01.JPG,Height: 1536 Width: 2048,1,1
test/t1/2013-07-27 12-36-28 M 01_01.JPG,Height: 1536 Width: 2048,1,1
test/t1/2013-07-27 12-36-33 M 01_01.JPG,Height: 1536 Width: 2048,1,1
test/t1/2013-07-27 12-36-37 M 01_01.JPG,Height: 1536 Width: 2048,1,1
test/t1/2013-07-27 12-37-26 M 01_01.JPG,Height: 1536 Width: 2048,1,1
test/t1/2013-07-27 12-37-29 M 01_01.JPG,Height: 1536 Width: 2048,1,1
test/t1/2013-07-27 12-37-32 M 01_01.JPG,Height: 1536 Width: 2048,1,1
test/t1/2013-07-27 12-37-36 M 01_01.JPG,Height: 1536 Width: 2048,1,1
test/t1/2013-07-27 12-40-08 M 01_01.JPG,Height: 1536 Width: 2048,1,1
test/t1/2013-07-27 12-41-02 M 01_01.JPG,Height: 1536 Width: 2048,1,1
test/t1/2013-07-27 12-41-27 M 01_01.JPG,Height: 1536 Width: 2048,1,1
test/t1/2013-07-27 12-41-36 M 01_01.JPG,Height: 1536 Width: 2048,1,1
test/t1/2013-07-27 12-41-39 M 01_01.JPG,Height: 1536 Width: 2048,1,1
test/t1/2013-07-27 12-41-44 M 01_01.JPG,Height: 1536 Width: 2048,1,1
test/t1/2013-07-27 12-41-57 M 01_01.JPG,Height: 1536 Width: 2048,1,1
test/t1/2013-07-27 12-41-59 M 01_01.JPG,Height: 1536 Width: 2048,1,1
test/t1/2013-07-27 12-42-07 M 01_01.JPG,Height: 1536 Width: 2048,1,1
test/t1/2013-07-27 12-42-11 M 01_01.JPG,Height: 1536 Width: 2048,1,1
test/t1/2013-07-27 12-43-45 M 01_01.JPG,Height: 1536 Width: 2048,1,1
test/t1/2013-07-27 12-43-48 M 01_01.JPG,Height: 1536 Width: 2048,1,1
test/t1/2013-07-27 12-44-15 M 01_01.JPG,Height: 1536 Width: 2048,1,1
test/t1/2013-07-27 12-44-55 M 01_01.JPG,Height: 1536 Width: 2048,1,1
test/t1/2013-07-27 12-45-00 T 01_01.JPG,Height: 1536 Width: 2048,1,1
test/t1/2013-07-27 12-45-11 M 01_01.JPG,Height: 1536 Width: 2048,1,1
test/t1/2013-07-27 12-45-19 M 01_01.JPG,Height: 1536 Width: 2048,1,1
test/t1/2013-07-27 12-45-22 M 01_01.JPG,Height: 1536 Width: 2048,1,1
test/t1/2013-07-27 12-45-29 M 01_01.JPG,Height: 1536 Width: 2048,1,1
test/t1/2013-07-27 12-45-43 M 01_01.JPG,Height: 1536 Width: 2048,1,1
test/t1/2013-07-27 12-45-51 M 01_01.JPG,Height: 1536 Width: 2048,1,1
test/t1/2013-07-27 12-45-58 M 01_01.JPG,Height: 1536 Width: 2048,1,1
test/t1/2013-07-27 12-46-04 M 01_01.JPG,Height: 1536 Width: 2048,1,1
test/t1/2013-07-27 12-46-10 M 01_01.JPG,Height: 1536 Width: 2048,1,1
test/t1/2013-07-27 12-46-22 M 01_01.JPG,Height: 1536 Width: 2048,1,1
test/t1/2013-07-27 12-47-24 M 01_01.JPG,Height: 1536 Width: 2048,1,1
test/t1/2013-07-27 12-47-31 M 01_01.JPG,Height: 1536 Width: 2048,1,1
test/t1/2013-07-27 12-47-37 M 01_01.JPG,Height: 1536 Width: 2048,1,1
test/t1/2013-07-27 12-48-26 M 01_01.JPG,Height: 1536 Width: 2048,1,1
test/t1/2013-07-27 12-48-30 M 01_01.JPG,Height: 1536 Width: 2048,1,1
test/t1/2013-07-27 12-48-33 M 01_01.JPG,Height: 1536 Width: 2048,1,1
test/t1/2013-07-27 12-48-56 M 01_01.JPG,Height: 1536 Width: 2048,1,1
test/t1/2013-07-27 12-49-07 M 01_01.JPG,Height: 1536 Width: 2048,1,1
test/t1/2013-07-27 12-49-19 M 01_01.JPG,Height: 1536 Width: 2048,1,1
test/t1/2013-07-27 12-49-23 M 01_01.JPG,Height: 1536 Width: 2048,1,1
test/t1/2013-07-27 12-49-27 M 01_01.JPG,Height: 1536 Width: 2048,1,1
test/t1/2013-07-27 12-49-42 M 01_01.JPG,Height: 1536 Width: 2048,1,1
test/t1/2013-07-27 12-51-49 M 01_01.JPG,Height: 1536 Width: 2048,1,1
test/t1/2013-07-27 12-51-53 M 01_01.JPG,Height: 1536 Width: 2048,1,1
test/t1/2013-07-27 12-51-56 M 01_01.JPG,Height: 1536 Width: 2048,1,1
test/t1/2013-07-27 12-52-00 M 01_01.JPG,Height: 1536 Width: 2048,1,1
test/t1/2013-07-27 12-52-17 M 01_01.JPG,Height: 1536 Width: 2048,1,1
test/t1/2013-07-27 12-52-19 M 01_01.JPG,Height: 1536 Width: 2048,1,1
test/t1/2013-07-27 12-52-24 M 01_01.JPG,Height: 1536 Width: 2048,1,1
test/t1/2013-07-31 18-10-29 M 01_01.JPG,Height: 1536 Width: 2048,1,1
test/t1/2013-07-31 19-25-19 M 01_01.JPG,Height: 1536 Width: 2048,1,0
test/t1/2013-07-31 19-25-23 M 01_01.JPG,Height: 1536 Width: 2048,1,1
test/t1/2013-07-31 19-59-30 M 01_01.JPG,Height: 1536 Width: 2048,1,1
test/t1/2013-07-31 19-59-33 M 01_01.JPG,Height: 1536 Width: 2048,1,0
test/t1/2013-08-01 06-14-02 M 01_01.JPG,Height: 1536 Width: 2048,1,1
test/t1/2013-08-01 06-15-00 T 01_01.JPG,Height: 1536 Width: 2048,1,1
test/t1/2013-08-01 06-17-37 M 01_01.JPG,Height: 1536 Width: 2048,1,1
test/t1/2013-08-01 08-13-31 M 01_01.JPG,Height: 1536 Width: 2048,1,1
test/t1/2013-08-01 08-13-40 M 01_01.JPG,Height: 1536 Width: 2048,1,1